Day,Sensor_ID,Hourly_Counts,sensor_description,latitude,longitude,location
Friday,1,589.0,Bourke Street Mall (North),-37.8134944,144.96515324,"(-37.8134944, 144.96515324)"
Monday,1,496.0,Bourke Street Mall (North),-37.8134944,144.96515324,"(-37.8134944, 144.96515324)"
Saturday,1,618.0,Bourke Street Mall (North),-37.8134944,144.96515324,"(-37.8134944, 144.96515324)"
Sunday,1,518.0,Bourke Street Mall (North),-37.8134944,144.96515324,"(-37.8134944, 144.96515324)"
Thursday,1,554.0,Bourke Street Mall (North),-37.8134944,144.96515324,"(-37.8134944, 144.96515324)"
Tuesday,1,502.0,Bourke Street Mall (North),-37.8134944,144.96515324,"(-37.8134944, 144.96515324)"
Wednesday,1,542.0,Bourke Street Mall (North),-37.8134944,144.96515324,"(-37.8134944, 144.96515324)"
Friday,2,407.0,Bourke Street Mall (South),-37.81380667,144.96516719,"(-37.81380667, 144.96516719)"
Monday,2,343.0,Bourke Street Mall (South),-37.81380667,144.96516719,"(-37.81380667, 144.96516719)"
Saturday,2,432.0,Bourke Street Mall (South),-37.81380667,144.96516719,"(-37.81380667, 144.96516719)"
Sunday,2,341.0,Bourke Street Mall (South),-37.81380667,144.96516719,"(-37.81380667, 144.96516719)"
Thursday,2,385.0,Bourke Street Mall (South),-37.81380667,144.96516719,"(-37.81380667, 144.96516719)"
Tuesday,2,351.0,Bourke Street Mall (South),-37.81380667,144.96516719,"(-37.81380667, 144.96516719)"
Wednesday,2,378.0,Bourke Street Mall (South),-37.81380667,144.96516719,"(-37.81380667, 144.96516719)"
Friday,3,529.0,Melbourne Central,-37.81101523,144.96429485,"(-37.81101523, 144.96429485)"
Monday,3,434.0,Melbourne Central,-37.81101523,144.96429485,"(-37.81101523, 144.96429485)"
Saturday,3,551.0,Melbourne Central,-37.81101523,144.96429485,"(-37.81101523, 144.96429485)"
Sunday,3,464.0,Melbourne Central,-37.81101523,144.96429485,"(-37.81101523, 144.96429485)"
Thursday,3,460.0,Melbourne Central,-37.81101523,144.96429485,"(-37.81101523, 144.96429485)"
Tuesday,3,438.0,Melbourne Central,-37.81101523,144.96429485,"(-37.81101523, 144.96429485)"
Wednesday,3,472.0,Melbourne Central,-37.81101523,144.96429485,"(-37.81101523, 144.96429485)"
Friday,4,664.0,Town Hall (West),-37.81487988,144.9660878,"(-37.81487988, 144.9660878)"
Monday,4,551.0,Town Hall (West),-37.81487988,144.9660878,"(-37.81487988, 144.9660878)"
Saturday,4,650.0,Town Hall (West),-37.81487988,144.9660878,"(-37.81487988, 144.9660878)"
Sunday,4,526.0,Town Hall (West),-37.81487988,144.9660878,"(-37.81487988, 144.9660878)"
Thursday,4,617.0,Town Hall (West),-37.81487988,144.9660878,"(-37.81487988, 144.9660878)"
Tuesday,4,567.0,Town Hall (West),-37.81487988,144.9660878,"(-37.81487988, 144.9660878)"
Wednesday,4,618.0,Town Hall (West),-37.81487988,144.9660878,"(-37.81487988, 144.9660878)"
Friday,5,630.0,Princes Bridge,-37.81874249,144.96787656,"(-37.81874249, 144.96787656)"
Monday,5,497.0,Princes Bridge,-37.81874249,144.96787656,"(-37.81874249, 144.96787656)"
Saturday,5,651.0,Princes Bridge,-37.81874249,144.96787656,"(-37.81874249, 144.96787656)"
Sunday,5,547.0,Princes Bridge,-37.81874249,144.96787656,"(-37.81874249, 144.96787656)"
Thursday,5,576.0,Princes Bridge,-37.81874249,144.96787656,"(-37.81874249, 144.96787656)"
Tuesday,5,499.0,Princes Bridge,-37.81874249,144.96787656,"(-37.81874249, 144.96787656)"
Wednesday,5,560.0,Princes Bridge,-37.81874249,144.96787656,"(-37.81874249, 144.96787656)"
Friday,6,595.0,Flinders Street Station Underpass,-37.81911704,144.96558256,"(-37.81911704, 144.96558256)"
Monday,6,495.0,Flinders Street Station Underpass,-37.81911704,144.96558256,"(-37.81911704, 144.96558256)"
Saturday,6,480.0,Flinders Street Station Underpass,-37.81911704,144.96558256,"(-37.81911704, 144.96558256)"
Sunday,6,408.0,Flinders Street Station Underpass,-37.81911704,144.96558256,"(-37.81911704, 144.96558256)"
Thursday,6,562.0,Flinders Street Station Underpass,-37.81911704,144.96558256,"(-37.81911704, 144.96558256)"
Tuesday,6,525.0,Flinders Street Station Underpass,-37.81911704,144.96558256,"(-37.81911704, 144.96558256)"
Wednesday,6,552.0,Flinders Street Station Underpass,-37.81911704,144.96558256,"(-37.81911704, 144.96558256)"
Friday,7,153.0,Birrarung Marr,-37.81862929,144.97169395,"(-37.81862929, 144.97169395)"
Monday,7,186.0,Birrarung Marr,-37.81862929,144.97169395,"(-37.81862929, 144.97169395)"
Saturday,7,202.0,Birrarung Marr,-37.81862929,144.97169395,"(-37.81862929, 144.97169395)"
Sunday,7,222.0,Birrarung Marr,-37.81862929,144.97169395,"(-37.81862929, 144.97169395)"
Thursday,7,141.0,Birrarung Marr,-37.81862929,144.97169395,"(-37.81862929, 144.97169395)"
Tuesday,7,146.0,Birrarung Marr,-37.81862929,144.97169395,"(-37.81862929, 144.97169395)"
Wednesday,7,148.0,Birrarung Marr,-37.81862929,144.97169395,"(-37.81862929, 144.97169395)"
Friday,8,137.0,Webb Bridge,-37.82293543,144.94717511,"(-37.82293543, 144.94717511)"
Monday,8,130.0,Webb Bridge,-37.82293543,144.94717511,"(-37.82293543, 144.94717511)"
Saturday,8,123.0,Webb Bridge,-37.82293543,144.94717511,"(-37.82293543, 144.94717511)"
Sunday,8,125.0,Webb Bridge,-37.82293543,144.94717511,"(-37.82293543, 144.94717511)"
Thursday,8,132.0,Webb Bridge,-37.82293543,144.94717511,"(-37.82293543, 144.94717511)"
Tuesday,8,135.0,Webb Bridge,-37.82293543,144.94717511,"(-37.82293543, 144.94717511)"
Wednesday,8,133.0,Webb Bridge,-37.82293543,144.94717511,"(-37.82293543, 144.94717511)"
Friday,9,256.0,Southern Cross Station,-37.81982992,144.95102556,"(-37.81982992, 144.95102556)"
Monday,9,237.0,Southern Cross Station,-37.81982992,144.95102556,"(-37.81982992, 144.95102556)"
Saturday,9,50.0,Southern Cross Station,-37.81982992,144.95102556,"(-37.81982992, 144.95102556)"
Sunday,9,40.0,Southern Cross Station,-37.81982992,144.95102556,"(-37.81982992, 144.95102556)"
Thursday,9,275.0,Southern Cross Station,-37.81982992,144.95102556,"(-37.81982992, 144.95102556)"
Tuesday,9,280.0,Southern Cross Station,-37.81982992,144.95102556,"(-37.81982992, 144.95102556)"
Wednesday,9,268.0,Southern Cross Station,-37.81982992,144.95102556,"(-37.81982992, 144.95102556)"
Friday,10,72.0,Victoria Point,-37.81876473,144.94710545,"(-37.81876473, 144.94710545)"
Monday,10,67.0,Victoria Point,-37.81876473,144.94710545,"(-37.81876473, 144.94710545)"
Saturday,10,33.0,Victoria Point,-37.81876473,144.94710545,"(-37.81876473, 144.94710545)"
Sunday,10,25.0,Victoria Point,-37.81876473,144.94710545,"(-37.81876473, 144.94710545)"
Thursday,10,76.0,Victoria Point,-37.81876473,144.94710545,"(-37.81876473, 144.94710545)"
Tuesday,10,74.0,Victoria Point,-37.81876473,144.94710545,"(-37.81876473, 144.94710545)"
Wednesday,10,73.0,Victoria Point,-37.81876473,144.94710545,"(-37.81876473, 144.94710545)"
Friday,11,41.0,Waterfront City,-37.81564989,144.93970695,"(-37.81564989, 144.93970695)"
Monday,11,42.0,Waterfront City,-37.81564989,144.93970695,"(-37.81564989, 144.93970695)"
Saturday,11,47.0,Waterfront City,-37.81564989,144.93970695,"(-37.81564989, 144.93970695)"
Sunday,11,54.0,Waterfront City,-37.81564989,144.93970695,"(-37.81564989, 144.93970695)"
Thursday,11,41.0,Waterfront City,-37.81564989,144.93970695,"(-37.81564989, 144.93970695)"
Tuesday,11,42.0,Waterfront City,-37.81564989,144.93970695,"(-37.81564989, 144.93970695)"
Wednesday,11,43.0,Waterfront City,-37.81564989,144.93970695,"(-37.81564989, 144.93970695)"
Friday,12,146.0,New Quay,-37.81457987,144.94292398,"(-37.81457987, 144.94292398)"
Monday,12,143.0,New Quay,-37.81457987,144.94292398,"(-37.81457987, 144.94292398)"
Saturday,12,159.0,New Quay,-37.81457987,144.94292398,"(-37.81457987, 144.94292398)"
Sunday,12,178.0,New Quay,-37.81457987,144.94292398,"(-37.81457987, 144.94292398)"
Thursday,12,143.0,New Quay,-37.81457987,144.94292398,"(-37.81457987, 144.94292398)"
Tuesday,12,144.0,New Quay,-37.81457987,144.94292398,"(-37.81457987, 144.94292398)"
Wednesday,12,151.0,New Quay,-37.81457987,144.94292398,"(-37.81457987, 144.94292398)"
Friday,14,211.0,Sandridge Bridge,-37.82011242,144.96291898,"(-37.82011242, 144.96291898)"
Monday,14,175.0,Sandridge Bridge,-37.82011242,144.96291898,"(-37.82011242, 144.96291898)"
Saturday,14,187.0,Sandridge Bridge,-37.82011242,144.96291898,"(-37.82011242, 144.96291898)"
Sunday,14,161.0,Sandridge Bridge,-37.82011242,144.96291898,"(-37.82011242, 144.96291898)"
Thursday,14,200.0,Sandridge Bridge,-37.82011242,144.96291898,"(-37.82011242, 144.96291898)"
Tuesday,14,174.0,Sandridge Bridge,-37.82011242,144.96291898,"(-37.82011242, 144.96291898)"
Wednesday,14,199.0,Sandridge Bridge,-37.82011242,144.96291898,"(-37.82011242, 144.96291898)"
Friday,15,445.0,State Library,-37.81064378,144.96447132,"(-37.81064378, 144.96447132)"
Monday,15,394.0,State Library,-37.81064378,144.96447132,"(-37.81064378, 144.96447132)"
Saturday,15,443.0,State Library,-37.81064378,144.96447132,"(-37.81064378, 144.96447132)"
Sunday,15,392.0,State Library,-37.81064378,144.96447132,"(-37.81064378, 144.96447132)"
Thursday,15,419.0,State Library,-37.81064378,144.96447132,"(-37.81064378, 144.96447132)"
Tuesday,15,402.0,State Library,-37.81064378,144.96447132,"(-37.81064378, 144.96447132)"
Wednesday,15,426.0,State Library,-37.81064378,144.96447132,"(-37.81064378, 144.96447132)"
Friday,17,197.0,Collins Place (South),-37.81362542,144.97323592,"(-37.81362542, 144.97323592)"
Monday,17,192.0,Collins Place (South),-37.81362542,144.97323592,"(-37.81362542, 144.97323592)"
Saturday,17,91.0,Collins Place (South),-37.81362542,144.97323592,"(-37.81362542, 144.97323592)"
Sunday,17,67.0,Collins Place (South),-37.81362542,144.97323592,"(-37.81362542, 144.97323592)"
Thursday,17,208.0,Collins Place (South),-37.81362542,144.97323592,"(-37.81362542, 144.97323592)"
Tuesday,17,205.0,Collins Place (South),-37.81362542,144.97323592,"(-37.81362542, 144.97323592)"
Wednesday,17,205.0,Collins Place (South),-37.81362542,144.97323592,"(-37.81362542, 144.97323592)"
Friday,18,135.0,Collins Place (North),-37.81344861,144.97305354,"(-37.81344861, 144.97305354)"
Monday,18,126.0,Collins Place (North),-37.81344861,144.97305354,"(-37.81344861, 144.97305354)"
Saturday,18,48.0,Collins Place (North),-37.81344861,144.97305354,"(-37.81344861, 144.97305354)"
Sunday,18,31.0,Collins Place (North),-37.81344861,144.97305354,"(-37.81344861, 144.97305354)"
Thursday,18,144.0,Collins Place (North),-37.81344861,144.97305354,"(-37.81344861, 144.97305354)"
Tuesday,18,144.0,Collins Place (North),-37.81344861,144.97305354,"(-37.81344861, 144.97305354)"
Wednesday,18,144.0,Collins Place (North),-37.81344861,144.97305354,"(-37.81344861, 144.97305354)"
Friday,19,251.0,Chinatown-Swanston St (North),-37.81237202,144.96550671,"(-37.81237202, 144.96550671)"
Monday,19,198.0,Chinatown-Swanston St (North),-37.81237202,144.96550671,"(-37.81237202, 144.96550671)"
Saturday,19,285.0,Chinatown-Swanston St (North),-37.81237202,144.96550671,"(-37.81237202, 144.96550671)"
Sunday,19,235.0,Chinatown-Swanston St (North),-37.81237202,144.96550671,"(-37.81237202, 144.96550671)"
Thursday,19,213.0,Chinatown-Swanston St (North),-37.81237202,144.96550671,"(-37.81237202, 144.96550671)"
Tuesday,19,196.0,Chinatown-Swanston St (North),-37.81237202,144.96550671,"(-37.81237202, 144.96550671)"
Wednesday,19,213.0,Chinatown-Swanston St (North),-37.81237202,144.96550671,"(-37.81237202, 144.96550671)"
Friday,20,156.0,Chinatown-Lt Bourke St (South),-37.81172913,144.9682466,"(-37.81172913, 144.9682466)"
Monday,20,103.0,Chinatown-Lt Bourke St (South),-37.81172913,144.9682466,"(-37.81172913, 144.9682466)"
Saturday,20,168.0,Chinatown-Lt Bourke St (South),-37.81172913,144.9682466,"(-37.81172913, 144.9682466)"
Sunday,20,134.0,Chinatown-Lt Bourke St (South),-37.81172913,144.9682466,"(-37.81172913, 144.9682466)"
Thursday,20,124.0,Chinatown-Lt Bourke St (South),-37.81172913,144.9682466,"(-37.81172913, 144.9682466)"
Tuesday,20,107.0,Chinatown-Lt Bourke St (South),-37.81172913,144.9682466,"(-37.81172913, 144.9682466)"
Wednesday,20,122.0,Chinatown-Lt Bourke St (South),-37.81172913,144.9682466,"(-37.81172913, 144.9682466)"
Friday,21,319.0,Bourke St-Russell St (West),-37.81244703,144.96778757,"(-37.81244703, 144.96778757)"
Monday,21,246.0,Bourke St-Russell St (West),-37.81244703,144.96778757,"(-37.81244703, 144.96778757)"
Saturday,21,309.0,Bourke St-Russell St (West),-37.81244703,144.96778757,"(-37.81244703, 144.96778757)"
Sunday,21,275.0,Bourke St-Russell St (West),-37.81244703,144.96778757,"(-37.81244703, 144.96778757)"
Thursday,21,278.0,Bourke St-Russell St (West),-37.81244703,144.96778757,"(-37.81244703, 144.96778757)"
Tuesday,21,253.0,Bourke St-Russell St (West),-37.81244703,144.96778757,"(-37.81244703, 144.96778757)"
Wednesday,21,275.0,Bourke St-Russell St (West),-37.81244703,144.96778757,"(-37.81244703, 144.96778757)"
Friday,22,902.0,Flinders St-Elizabeth St (East),-37.81786445,144.96506823,"(-37.81786445, 144.96506823)"
Monday,22,829.0,Flinders St-Elizabeth St (East),-37.81786445,144.96506823,"(-37.81786445, 144.96506823)"
Saturday,22,804.0,Flinders St-Elizabeth St (East),-37.81786445,144.96506823,"(-37.81786445, 144.96506823)"
Sunday,22,702.0,Flinders St-Elizabeth St (East),-37.81786445,144.96506823,"(-37.81786445, 144.96506823)"
Thursday,22,883.0,Flinders St-Elizabeth St (East),-37.81786445,144.96506823,"(-37.81786445, 144.96506823)"
Tuesday,22,860.0,Flinders St-Elizabeth St (East),-37.81786445,144.96506823,"(-37.81786445, 144.96506823)"
Wednesday,22,884.0,Flinders St-Elizabeth St (East),-37.81786445,144.96506823,"(-37.81786445, 144.96506823)"
Friday,23,170.0,Spencer St-Collins St (South),-37.81909256,144.95452749,"(-37.81909256, 144.95452749)"
Monday,23,150.0,Spencer St-Collins St (South),-37.81909256,144.95452749,"(-37.81909256, 144.95452749)"
Saturday,23,81.0,Spencer St-Collins St (South),-37.81909256,144.95452749,"(-37.81909256, 144.95452749)"
Sunday,23,71.0,Spencer St-Collins St (South),-37.81909256,144.95452749,"(-37.81909256, 144.95452749)"
Thursday,23,175.0,Spencer St-Collins St (South),-37.81909256,144.95452749,"(-37.81909256, 144.95452749)"
Tuesday,23,170.0,Spencer St-Collins St (South),-37.81909256,144.95452749,"(-37.81909256, 144.95452749)"
Wednesday,23,172.0,Spencer St-Collins St (South),-37.81909256,144.95452749,"(-37.81909256, 144.95452749)"
Friday,24,582.0,Spencer St-Collins St (North),-37.81887962,144.95449198,"(-37.81887962, 144.95449198)"
Monday,24,515.0,Spencer St-Collins St (North),-37.81887962,144.95449198,"(-37.81887962, 144.95449198)"
Saturday,24,319.0,Spencer St-Collins St (North),-37.81887962,144.95449198,"(-37.81887962, 144.95449198)"
Sunday,24,261.0,Spencer St-Collins St (North),-37.81887962,144.95449198,"(-37.81887962, 144.95449198)"
Thursday,24,570.0,Spencer St-Collins St (North),-37.81887962,144.95449198,"(-37.81887962, 144.95449198)"
Tuesday,24,564.0,Spencer St-Collins St (North),-37.81887962,144.95449198,"(-37.81887962, 144.95449198)"
Wednesday,24,569.0,Spencer St-Collins St (North),-37.81887962,144.95449198,"(-37.81887962, 144.95449198)"
Friday,25,449.0,Melbourne Convention Exhibition Centre,-37.82401776,144.95604426,"(-37.82401776, 144.95604426)"
Monday,25,417.0,Melbourne Convention Exhibition Centre,-37.82401776,144.95604426,"(-37.82401776, 144.95604426)"
Saturday,25,527.0,Melbourne Convention Exhibition Centre,-37.82401776,144.95604426,"(-37.82401776, 144.95604426)"
Sunday,25,503.0,Melbourne Convention Exhibition Centre,-37.82401776,144.95604426,"(-37.82401776, 144.95604426)"
Thursday,25,407.0,Melbourne Convention Exhibition Centre,-37.82401776,144.95604426,"(-37.82401776, 144.95604426)"
Tuesday,25,420.0,Melbourne Convention Exhibition Centre,-37.82401776,144.95604426,"(-37.82401776, 144.95604426)"
Wednesday,25,432.0,Melbourne Convention Exhibition Centre,-37.82401776,144.95604426,"(-37.82401776, 144.95604426)"
Friday,26,311.0,QV Market-Elizabeth St (West),-37.80869542,144.96049404,"(-37.80869542, 144.96049404)"
Monday,26,213.0,QV Market-Elizabeth St (West),-37.80869542,144.96049404,"(-37.80869542, 144.96049404)"
Saturday,26,349.0,QV Market-Elizabeth St (West),-37.80869542,144.96049404,"(-37.80869542, 144.96049404)"
Sunday,26,337.0,QV Market-Elizabeth St (West),-37.80869542,144.96049404,"(-37.80869542, 144.96049404)"
Thursday,26,307.0,QV Market-Elizabeth St (West),-37.80869542,144.96049404,"(-37.80869542, 144.96049404)"
Tuesday,26,297.0,QV Market-Elizabeth St (West),-37.80869542,144.96049404,"(-37.80869542, 144.96049404)"
Wednesday,26,258.0,QV Market-Elizabeth St (West),-37.80869542,144.96049404,"(-37.80869542, 144.96049404)"
Friday,27,75.0,QV Market-Peel St,-37.80606888,144.95644693,"(-37.80606888, 144.95644693)"
Monday,27,50.0,QV Market-Peel St,-37.80606888,144.95644693,"(-37.80606888, 144.95644693)"
Saturday,27,98.0,QV Market-Peel St,-37.80606888,144.95644693,"(-37.80606888, 144.95644693)"
Sunday,27,88.0,QV Market-Peel St,-37.80606888,144.95644693,"(-37.80606888, 144.95644693)"
Thursday,27,76.0,QV Market-Peel St,-37.80606888,144.95644693,"(-37.80606888, 144.95644693)"
Tuesday,27,69.0,QV Market-Peel St,-37.80606888,144.95644693,"(-37.80606888, 144.95644693)"
Wednesday,27,59.0,QV Market-Peel St,-37.80606888,144.95644693,"(-37.80606888, 144.95644693)"
Friday,28,406.0,The Arts Centre,-37.82129924,144.96879309,"(-37.82129924, 144.96879309)"
Monday,28,333.0,The Arts Centre,-37.82129924,144.96879309,"(-37.82129924, 144.96879309)"
Saturday,28,397.0,The Arts Centre,-37.82129924,144.96879309,"(-37.82129924, 144.96879309)"
Sunday,28,328.0,The Arts Centre,-37.82129924,144.96879309,"(-37.82129924, 144.96879309)"
Thursday,28,391.0,The Arts Centre,-37.82129924,144.96879309,"(-37.82129924, 144.96879309)"
Tuesday,28,335.0,The Arts Centre,-37.82129924,144.96879309,"(-37.82129924, 144.96879309)"
Wednesday,28,377.0,The Arts Centre,-37.82129924,144.96879309,"(-37.82129924, 144.96879309)"
Friday,29,125.0,St Kilda Rd-Alexandra Gardens,-37.81965808,144.96863453,"(-37.81965808, 144.96863453)"
Monday,29,135.0,St Kilda Rd-Alexandra Gardens,-37.81965808,144.96863453,"(-37.81965808, 144.96863453)"
Saturday,29,174.0,St Kilda Rd-Alexandra Gardens,-37.81965808,144.96863453,"(-37.81965808, 144.96863453)"
Sunday,29,197.0,St Kilda Rd-Alexandra Gardens,-37.81965808,144.96863453,"(-37.81965808, 144.96863453)"
Thursday,29,103.0,St Kilda Rd-Alexandra Gardens,-37.81965808,144.96863453,"(-37.81965808, 144.96863453)"
Tuesday,29,102.0,St Kilda Rd-Alexandra Gardens,-37.81965808,144.96863453,"(-37.81965808, 144.96863453)"
Wednesday,29,110.0,St Kilda Rd-Alexandra Gardens,-37.81965808,144.96863453,"(-37.81965808, 144.96863453)"
Friday,30,225.0,Lonsdale St (South),-37.81121849,144.96656807,"(-37.81121849, 144.96656807)"
Monday,30,173.0,Lonsdale St (South),-37.81121849,144.96656807,"(-37.81121849, 144.96656807)"
Saturday,30,242.0,Lonsdale St (South),-37.81121849,144.96656807,"(-37.81121849, 144.96656807)"
Sunday,30,203.0,Lonsdale St (South),-37.81121849,144.96656807,"(-37.81121849, 144.96656807)"
Thursday,30,180.0,Lonsdale St (South),-37.81121849,144.96656807,"(-37.81121849, 144.96656807)"
Tuesday,30,164.0,Lonsdale St (South),-37.81121849,144.96656807,"(-37.81121849, 144.96656807)"
Wednesday,30,184.0,Lonsdale St (South),-37.81121849,144.96656807,"(-37.81121849, 144.96656807)"
Friday,31,153.0,Lygon St (West),-37.8016968,144.96658911,"(-37.8016968, 144.96658911)"
Monday,31,118.0,Lygon St (West),-37.8016968,144.96658911,"(-37.8016968, 144.96658911)"
Saturday,31,186.0,Lygon St (West),-37.8016968,144.96658911,"(-37.8016968, 144.96658911)"
Sunday,31,165.0,Lygon St (West),-37.8016968,144.96658911,"(-37.8016968, 144.96658911)"
Thursday,31,128.0,Lygon St (West),-37.8016968,144.96658911,"(-37.8016968, 144.96658911)"
Tuesday,31,120.0,Lygon St (West),-37.8016968,144.96658911,"(-37.8016968, 144.96658911)"
Wednesday,31,127.0,Lygon St (West),-37.8016968,144.96658911,"(-37.8016968, 144.96658911)"
Friday,34,59.0,Flinders St-Spark La,-37.81537985,144.9741505,"(-37.81537985, 144.9741505)"
Monday,34,55.0,Flinders St-Spark La,-37.81537985,144.9741505,"(-37.81537985, 144.9741505)"
Saturday,34,48.0,Flinders St-Spark La,-37.81537985,144.9741505,"(-37.81537985, 144.9741505)"
Sunday,34,44.0,Flinders St-Spark La,-37.81537985,144.9741505,"(-37.81537985, 144.9741505)"
Thursday,34,60.0,Flinders St-Spark La,-37.81537985,144.9741505,"(-37.81537985, 144.9741505)"
Tuesday,34,59.0,Flinders St-Spark La,-37.81537985,144.9741505,"(-37.81537985, 144.9741505)"
Wednesday,34,62.0,Flinders St-Spark La,-37.81537985,144.9741505,"(-37.81537985, 144.9741505)"
Friday,35,620.0,Southbank,-37.82017828,144.96508877,"(-37.82017828, 144.96508877)"
Monday,35,521.0,Southbank,-37.82017828,144.96508877,"(-37.82017828, 144.96508877)"
Saturday,35,648.0,Southbank,-37.82017828,144.96508877,"(-37.82017828, 144.96508877)"
Sunday,35,587.0,Southbank,-37.82017828,144.96508877,"(-37.82017828, 144.96508877)"
Thursday,35,545.0,Southbank,-37.82017828,144.96508877,"(-37.82017828, 144.96508877)"
Tuesday,35,533.0,Southbank,-37.82017828,144.96508877,"(-37.82017828, 144.96508877)"
Wednesday,35,564.0,Southbank,-37.82017828,144.96508877,"(-37.82017828, 144.96508877)"
Friday,36,144.0,Queen St (West),-37.81652527,144.96121063,"(-37.81652527, 144.96121063)"
Monday,36,112.0,Queen St (West),-37.81652527,144.96121063,"(-37.81652527, 144.96121063)"
Saturday,36,84.0,Queen St (West),-37.81652527,144.96121063,"(-37.81652527, 144.96121063)"
Sunday,36,59.0,Queen St (West),-37.81652527,144.96121063,"(-37.81652527, 144.96121063)"
Thursday,36,135.0,Queen St (West),-37.81652527,144.96121063,"(-37.81652527, 144.96121063)"
Tuesday,36,130.0,Queen St (West),-37.81652527,144.96121063,"(-37.81652527, 144.96121063)"
Wednesday,36,134.0,Queen St (West),-37.81652527,144.96121063,"(-37.81652527, 144.96121063)"
Friday,37,83.0,Lygon St (East),-37.80310271,144.96671452,"(-37.80310271, 144.96671452)"
Monday,37,68.0,Lygon St (East),-37.80310271,144.96671452,"(-37.80310271, 144.96671452)"
Saturday,37,97.0,Lygon St (East),-37.80310271,144.96671452,"(-37.80310271, 144.96671452)"
Sunday,37,74.0,Lygon St (East),-37.80310271,144.96671452,"(-37.80310271, 144.96671452)"
Thursday,37,71.0,Lygon St (East),-37.80310271,144.96671452,"(-37.80310271, 144.96671452)"
Tuesday,37,64.0,Lygon St (East),-37.80310271,144.96671452,"(-37.80310271, 144.96671452)"
Wednesday,37,70.0,Lygon St (East),-37.80310271,144.96671452,"(-37.80310271, 144.96671452)"
Friday,39,104.0,Alfred Place,-37.81379749,144.96995745,"(-37.81379749, 144.96995745)"
Monday,39,88.0,Alfred Place,-37.81379749,144.96995745,"(-37.81379749, 144.96995745)"
Saturday,39,33.0,Alfred Place,-37.81379749,144.96995745,"(-37.81379749, 144.96995745)"
Sunday,39,24.0,Alfred Place,-37.81379749,144.96995745,"(-37.81379749, 144.96995745)"
Thursday,39,102.0,Alfred Place,-37.81379749,144.96995745,"(-37.81379749, 144.96995745)"
Tuesday,39,102.0,Alfred Place,-37.81379749,144.96995745,"(-37.81379749, 144.96995745)"
Wednesday,39,101.0,Alfred Place,-37.81379749,144.96995745,"(-37.81379749, 144.96995745)"
Friday,40,126.0,Lonsdale St-Spring St (West),-37.80999341,144.97227588,"(-37.80999341, 144.97227588)"
Monday,40,107.0,Lonsdale St-Spring St (West),-37.80999341,144.97227588,"(-37.80999341, 144.97227588)"
Saturday,40,80.0,Lonsdale St-Spring St (West),-37.80999341,144.97227588,"(-37.80999341, 144.97227588)"
Sunday,40,66.0,Lonsdale St-Spring St (West),-37.80999341,144.97227588,"(-37.80999341, 144.97227588)"
Thursday,40,126.0,Lonsdale St-Spring St (West),-37.80999341,144.97227588,"(-37.80999341, 144.97227588)"
Tuesday,40,122.0,Lonsdale St-Spring St (West),-37.80999341,144.97227588,"(-37.80999341, 144.97227588)"
Wednesday,40,131.0,Lonsdale St-Spring St (West),-37.80999341,144.97227588,"(-37.80999341, 144.97227588)"
Friday,41,852.0,Flinders La-Swanston St (West),-37.81668633,144.96689733,"(-37.81668633, 144.96689733)"
Monday,41,711.0,Flinders La-Swanston St (West),-37.81668633,144.96689733,"(-37.81668633, 144.96689733)"
Saturday,41,786.0,Flinders La-Swanston St (West),-37.81668633,144.96689733,"(-37.81668633, 144.96689733)"
Sunday,41,641.0,Flinders La-Swanston St (West),-37.81668633,144.96689733,"(-37.81668633, 144.96689733)"
Thursday,41,803.0,Flinders La-Swanston St (West),-37.81668633,144.96689733,"(-37.81668633, 144.96689733)"
Tuesday,41,742.0,Flinders La-Swanston St (West),-37.81668633,144.96689733,"(-37.81668633, 144.96689733)"
Wednesday,41,802.0,Flinders La-Swanston St (West),-37.81668633,144.96689733,"(-37.81668633, 144.96689733)"
Friday,42,94.0,Grattan St-Swanston St (West),-37.80008565,144.96386412,"(-37.80008565, 144.96386412)"
Monday,42,96.0,Grattan St-Swanston St (West),-37.80008565,144.96386412,"(-37.80008565, 144.96386412)"
Saturday,42,46.0,Grattan St-Swanston St (West),-37.80008565,144.96386412,"(-37.80008565, 144.96386412)"
Sunday,42,43.0,Grattan St-Swanston St (West),-37.80008565,144.96386412,"(-37.80008565, 144.96386412)"
Thursday,42,97.0,Grattan St-Swanston St (West),-37.80008565,144.96386412,"(-37.80008565, 144.96386412)"
Tuesday,42,96.0,Grattan St-Swanston St (West),-37.80008565,144.96386412,"(-37.80008565, 144.96386412)"
Wednesday,42,104.0,Grattan St-Swanston St (West),-37.80008565,144.96386412,"(-37.80008565, 144.96386412)"
Friday,43,60.0,Monash Rd-Swanston St (West),-37.79844525,144.96411782,"(-37.79844525, 144.96411782)"
Monday,43,68.0,Monash Rd-Swanston St (West),-37.79844525,144.96411782,"(-37.79844525, 144.96411782)"
Saturday,43,30.0,Monash Rd-Swanston St (West),-37.79844525,144.96411782,"(-37.79844525, 144.96411782)"
Sunday,43,28.0,Monash Rd-Swanston St (West),-37.79844525,144.96411782,"(-37.79844525, 144.96411782)"
Thursday,43,63.0,Monash Rd-Swanston St (West),-37.79844525,144.96411782,"(-37.79844525, 144.96411782)"
Tuesday,43,70.0,Monash Rd-Swanston St (West),-37.79844525,144.96411782,"(-37.79844525, 144.96411782)"
Wednesday,43,67.0,Monash Rd-Swanston St (West),-37.79844525,144.96411782,"(-37.79844525, 144.96411782)"
Friday,44,27.0,Tin Alley-Swanston St (West),-37.79690473,144.96440378,"(-37.79690473, 144.96440378)"
Monday,44,30.0,Tin Alley-Swanston St (West),-37.79690473,144.96440378,"(-37.79690473, 144.96440378)"
Saturday,44,17.0,Tin Alley-Swanston St (West),-37.79690473,144.96440378,"(-37.79690473, 144.96440378)"
Sunday,44,17.0,Tin Alley-Swanston St (West),-37.79690473,144.96440378,"(-37.79690473, 144.96440378)"
Thursday,44,30.0,Tin Alley-Swanston St (West),-37.79690473,144.96440378,"(-37.79690473, 144.96440378)"
Tuesday,44,33.0,Tin Alley-Swanston St (West),-37.79690473,144.96440378,"(-37.79690473, 144.96440378)"
Wednesday,44,33.0,Tin Alley-Swanston St (West),-37.79690473,144.96440378,"(-37.79690473, 144.96440378)"
Friday,45,368.0,Little Collins St-Swanston St (East),-37.81414074,144.9660938,"(-37.81414074, 144.9660938)"
Monday,45,300.0,Little Collins St-Swanston St (East),-37.81414074,144.9660938,"(-37.81414074, 144.9660938)"
Saturday,45,360.0,Little Collins St-Swanston St (East),-37.81414074,144.9660938,"(-37.81414074, 144.9660938)"
Sunday,45,294.0,Little Collins St-Swanston St (East),-37.81414074,144.9660938,"(-37.81414074, 144.9660938)"
Thursday,45,340.0,Little Collins St-Swanston St (East),-37.81414074,144.9660938,"(-37.81414074, 144.9660938)"
Tuesday,45,316.0,Little Collins St-Swanston St (East),-37.81414074,144.9660938,"(-37.81414074, 144.9660938)"
Wednesday,45,341.0,Little Collins St-Swanston St (East),-37.81414074,144.9660938,"(-37.81414074, 144.9660938)"
Friday,46,40.0,Pelham St (South),-37.80240719,144.96156731,"(-37.80240719, 144.96156731)"
Monday,46,40.0,Pelham St (South),-37.80240719,144.96156731,"(-37.80240719, 144.96156731)"
Saturday,46,22.0,Pelham St (South),-37.80240719,144.96156731,"(-37.80240719, 144.96156731)"
Sunday,46,20.0,Pelham St (South),-37.80240719,144.96156731,"(-37.80240719, 144.96156731)"
Thursday,46,41.0,Pelham St (South),-37.80240719,144.96156731,"(-37.80240719, 144.96156731)"
Tuesday,46,43.0,Pelham St (South),-37.80240719,144.96156731,"(-37.80240719, 144.96156731)"
Wednesday,46,43.0,Pelham St (South),-37.80240719,144.96156731,"(-37.80240719, 144.96156731)"
Friday,47,487.0,Melbourne Central-Elizabeth St (East),-37.81160331,144.96220077,"(-37.81160331, 144.96220077)"
Monday,47,419.0,Melbourne Central-Elizabeth St (East),-37.81160331,144.96220077,"(-37.81160331, 144.96220077)"
Saturday,47,466.0,Melbourne Central-Elizabeth St (East),-37.81160331,144.96220077,"(-37.81160331, 144.96220077)"
Sunday,47,388.0,Melbourne Central-Elizabeth St (East),-37.81160331,144.96220077,"(-37.81160331, 144.96220077)"
Thursday,47,463.0,Melbourne Central-Elizabeth St (East),-37.81160331,144.96220077,"(-37.81160331, 144.96220077)"
Tuesday,47,437.0,Melbourne Central-Elizabeth St (East),-37.81160331,144.96220077,"(-37.81160331, 144.96220077)"
Wednesday,47,457.0,Melbourne Central-Elizabeth St (East),-37.81160331,144.96220077,"(-37.81160331, 144.96220077)"
Friday,48,131.0,QVM-Queen St (East),-37.80631581,144.95866698,"(-37.80631581, 144.95866698)"
Monday,48,80.0,QVM-Queen St (East),-37.80631581,144.95866698,"(-37.80631581, 144.95866698)"
Saturday,48,214.0,QVM-Queen St (East),-37.80631581,144.95866698,"(-37.80631581, 144.95866698)"
Sunday,48,188.0,QVM-Queen St (East),-37.80631581,144.95866698,"(-37.80631581, 144.95866698)"
Thursday,48,135.0,QVM-Queen St (East),-37.80631581,144.95866698,"(-37.80631581, 144.95866698)"
Tuesday,48,124.0,QVM-Queen St (East),-37.80631581,144.95866698,"(-37.80631581, 144.95866698)"
Wednesday,48,131.0,QVM-Queen St (East),-37.80631581,144.95866698,"(-37.80631581, 144.95866698)"
Friday,49,107.0,QVM-Therry St (South),-37.80730067,144.95956055,"(-37.80730067, 144.95956055)"
Monday,49,73.0,QVM-Therry St (South),-37.80730067,144.95956055,"(-37.80730067, 144.95956055)"
Saturday,49,132.0,QVM-Therry St (South),-37.80730067,144.95956055,"(-37.80730067, 144.95956055)"
Sunday,49,132.0,QVM-Therry St (South),-37.80730067,144.95956055,"(-37.80730067, 144.95956055)"
Thursday,49,103.0,QVM-Therry St (South),-37.80730067,144.95956055,"(-37.80730067, 144.95956055)"
Tuesday,49,97.0,QVM-Therry St (South),-37.80730067,144.95956055,"(-37.80730067, 144.95956055)"
Wednesday,49,89.0,QVM-Therry St (South),-37.80730067,144.95956055,"(-37.80730067, 144.95956055)"
Friday,50,160.0,Faraday St-Lygon St (West),-37.79808191,144.96721014,"(-37.79808191, 144.96721014)"
Monday,50,138.0,Faraday St-Lygon St (West),-37.79808191,144.96721014,"(-37.79808191, 144.96721014)"
Saturday,50,192.0,Faraday St-Lygon St (West),-37.79808191,144.96721014,"(-37.79808191, 144.96721014)"
Sunday,50,154.0,Faraday St-Lygon St (West),-37.79808191,144.96721014,"(-37.79808191, 144.96721014)"
Thursday,50,141.0,Faraday St-Lygon St (West),-37.79808191,144.96721014,"(-37.79808191, 144.96721014)"
Tuesday,50,132.0,Faraday St-Lygon St (West),-37.79808191,144.96721014,"(-37.79808191, 144.96721014)"
Wednesday,50,142.0,Faraday St-Lygon St (West),-37.79808191,144.96721014,"(-37.79808191, 144.96721014)"
Friday,51,86.0,QVM-Franklin St (North),-37.80841814,144.95906317,"(-37.80841814, 144.95906317)"
Monday,51,72.0,QVM-Franklin St (North),-37.80841814,144.95906317,"(-37.80841814, 144.95906317)"
Saturday,51,86.0,QVM-Franklin St (North),-37.80841814,144.95906317,"(-37.80841814, 144.95906317)"
Sunday,51,80.0,QVM-Franklin St (North),-37.80841814,144.95906317,"(-37.80841814, 144.95906317)"
Thursday,51,84.0,QVM-Franklin St (North),-37.80841814,144.95906317,"(-37.80841814, 144.95906317)"
Tuesday,51,81.0,QVM-Franklin St (North),-37.80841814,144.95906317,"(-37.80841814, 144.95906317)"
Wednesday,51,88.0,QVM-Franklin St (North),-37.80841814,144.95906317,"(-37.80841814, 144.95906317)"
Friday,52,173.0,Elizabeth St-Lonsdale St (South),-37.81252157,144.9619401,"(-37.81252157, 144.9619401)"
Monday,52,141.0,Elizabeth St-Lonsdale St (South),-37.81252157,144.9619401,"(-37.81252157, 144.9619401)"
Saturday,52,168.0,Elizabeth St-Lonsdale St (South),-37.81252157,144.9619401,"(-37.81252157, 144.9619401)"
Sunday,52,135.0,Elizabeth St-Lonsdale St (South),-37.81252157,144.9619401,"(-37.81252157, 144.9619401)"
Thursday,52,157.0,Elizabeth St-Lonsdale St (South),-37.81252157,144.9619401,"(-37.81252157, 144.9619401)"
Tuesday,52,151.0,Elizabeth St-Lonsdale St (South),-37.81252157,144.9619401,"(-37.81252157, 144.9619401)"
Wednesday,52,157.0,Elizabeth St-Lonsdale St (South),-37.81252157,144.9619401,"(-37.81252157, 144.9619401)"
Friday,53,335.0,Collins Street (North),-37.8156419,144.965499,"(-37.8156419, 144.965499)"
Monday,53,291.0,Collins Street (North),-37.8156419,144.965499,"(-37.8156419, 144.965499)"
Saturday,53,267.0,Collins Street (North),-37.8156419,144.965499,"(-37.8156419, 144.965499)"
Sunday,53,200.0,Collins Street (North),-37.8156419,144.965499,"(-37.8156419, 144.965499)"
Thursday,53,330.0,Collins Street (North),-37.8156419,144.965499,"(-37.8156419, 144.965499)"
Tuesday,53,316.0,Collins Street (North),-37.8156419,144.965499,"(-37.8156419, 144.965499)"
Wednesday,53,328.0,Collins Street (North),-37.8156419,144.965499,"(-37.8156419, 144.965499)"
Friday,54,50.0,Lincoln-Swanston (West),-37.804024,144.963084,"(-37.804024, 144.963084)"
Monday,54,50.0,Lincoln-Swanston (West),-37.804024,144.963084,"(-37.804024, 144.963084)"
Saturday,54,31.0,Lincoln-Swanston (West),-37.804024,144.963084,"(-37.804024, 144.963084)"
Sunday,54,26.0,Lincoln-Swanston (West),-37.804024,144.963084,"(-37.804024, 144.963084)"
Thursday,54,56.0,Lincoln-Swanston (West),-37.804024,144.963084,"(-37.804024, 144.963084)"
Tuesday,54,51.0,Lincoln-Swanston (West),-37.804024,144.963084,"(-37.804024, 144.963084)"
Wednesday,54,53.0,Lincoln-Swanston (West),-37.804024,144.963084,"(-37.804024, 144.963084)"
Friday,55,543.0,Elizabeth St-La Trobe St (East),-37.80988941,144.96134331,"(-37.80988941, 144.96134331)"
Monday,55,470.0,Elizabeth St-La Trobe St (East),-37.80988941,144.96134331,"(-37.80988941, 144.96134331)"
Saturday,55,527.0,Elizabeth St-La Trobe St (East),-37.80988941,144.96134331,"(-37.80988941, 144.96134331)"
Sunday,55,466.0,Elizabeth St-La Trobe St (East),-37.80988941,144.96134331,"(-37.80988941, 144.96134331)"
Thursday,55,513.0,Elizabeth St-La Trobe St (East),-37.80988941,144.96134331,"(-37.80988941, 144.96134331)"
Tuesday,55,497.0,Elizabeth St-La Trobe St (East),-37.80988941,144.96134331,"(-37.80988941, 144.96134331)"
Wednesday,55,507.0,Elizabeth St-La Trobe St (East),-37.80988941,144.96134331,"(-37.80988941, 144.96134331)"
Friday,56,154.0,Lonsdale St - Elizabeth St (North),-37.81234775,144.96153311,"(-37.81234775, 144.96153311)"
Monday,56,135.0,Lonsdale St - Elizabeth St (North),-37.81234775,144.96153311,"(-37.81234775, 144.96153311)"
Saturday,56,138.0,Lonsdale St - Elizabeth St (North),-37.81234775,144.96153311,"(-37.81234775, 144.96153311)"
Sunday,56,116.0,Lonsdale St - Elizabeth St (North),-37.81234775,144.96153311,"(-37.81234775, 144.96153311)"
Thursday,56,149.0,Lonsdale St - Elizabeth St (North),-37.81234775,144.96153311,"(-37.81234775, 144.96153311)"
Tuesday,56,142.0,Lonsdale St - Elizabeth St (North),-37.81234775,144.96153311,"(-37.81234775, 144.96153311)"
Wednesday,56,146.0,Lonsdale St - Elizabeth St (North),-37.81234775,144.96153311,"(-37.81234775, 144.96153311)"
Friday,57,289.0,Bourke St Bridge,-37.8176735,144.95025595,"(-37.8176735, 144.95025595)"
Monday,57,231.0,Bourke St Bridge,-37.8176735,144.95025595,"(-37.8176735, 144.95025595)"
Saturday,57,82.0,Bourke St Bridge,-37.8176735,144.95025595,"(-37.8176735, 144.95025595)"
Sunday,57,58.0,Bourke St Bridge,-37.8176735,144.95025595,"(-37.8176735, 144.95025595)"
Thursday,57,257.0,Bourke St Bridge,-37.8176735,144.95025595,"(-37.8176735, 144.95025595)"
Tuesday,57,291.0,Bourke St Bridge,-37.8176735,144.95025595,"(-37.8176735, 144.95025595)"
Wednesday,57,265.0,Bourke St Bridge,-37.8176735,144.95025595,"(-37.8176735, 144.95025595)"
Friday,58,337.0,Bourke St - Spencer St (North),-37.81686074,144.95358075,"(-37.81686074, 144.95358075)"
Monday,58,289.0,Bourke St - Spencer St (North),-37.81686074,144.95358075,"(-37.81686074, 144.95358075)"
Saturday,58,200.0,Bourke St - Spencer St (North),-37.81686074,144.95358075,"(-37.81686074, 144.95358075)"
Sunday,58,170.0,Bourke St - Spencer St (North),-37.81686074,144.95358075,"(-37.81686074, 144.95358075)"
Thursday,58,326.0,Bourke St - Spencer St (North),-37.81686074,144.95358075,"(-37.81686074, 144.95358075)"
Tuesday,58,321.0,Bourke St - Spencer St (North),-37.81686074,144.95358075,"(-37.81686074, 144.95358075)"
Wednesday,58,328.0,Bourke St - Spencer St (North),-37.81686074,144.95358075,"(-37.81686074, 144.95358075)"
Friday,59,82.0,Building 80 RMIT,-37.80825648,144.96304859,"(-37.80825648, 144.96304859)"
Monday,59,78.0,Building 80 RMIT,-37.80825648,144.96304859,"(-37.80825648, 144.96304859)"
Saturday,59,67.0,Building 80 RMIT,-37.80825648,144.96304859,"(-37.80825648, 144.96304859)"
Sunday,59,60.0,Building 80 RMIT,-37.80825648,144.96304859,"(-37.80825648, 144.96304859)"
Thursday,59,84.0,Building 80 RMIT,-37.80825648,144.96304859,"(-37.80825648, 144.96304859)"
Tuesday,59,85.0,Building 80 RMIT,-37.80825648,144.96304859,"(-37.80825648, 144.96304859)"
Wednesday,59,85.0,Building 80 RMIT,-37.80825648,144.96304859,"(-37.80825648, 144.96304859)"
Friday,61,192.0,RMIT Building 14,-37.80767455,144.96309115,"(-37.80767455, 144.96309115)"
Monday,61,179.0,RMIT Building 14,-37.80767455,144.96309115,"(-37.80767455, 144.96309115)"
Saturday,61,142.0,RMIT Building 14,-37.80767455,144.96309115,"(-37.80767455, 144.96309115)"
Sunday,61,129.0,RMIT Building 14,-37.80767455,144.96309115,"(-37.80767455, 144.96309115)"
Thursday,61,196.0,RMIT Building 14,-37.80767455,144.96309115,"(-37.80767455, 144.96309115)"
Tuesday,61,197.0,RMIT Building 14,-37.80767455,144.96309115,"(-37.80767455, 144.96309115)"
Wednesday,61,196.0,RMIT Building 14,-37.80767455,144.96309115,"(-37.80767455, 144.96309115)"
Friday,62,82.0,La Trobe St (North),-37.80996494,144.96216521,"(-37.80996494, 144.96216521)"
Monday,62,69.0,La Trobe St (North),-37.80996494,144.96216521,"(-37.80996494, 144.96216521)"
Saturday,62,76.0,La Trobe St (North),-37.80996494,144.96216521,"(-37.80996494, 144.96216521)"
Sunday,62,61.0,La Trobe St (North),-37.80996494,144.96216521,"(-37.80996494, 144.96216521)"
Thursday,62,72.0,La Trobe St (North),-37.80996494,144.96216521,"(-37.80996494, 144.96216521)"
Tuesday,62,69.0,La Trobe St (North),-37.80996494,144.96216521,"(-37.80996494, 144.96216521)"
Wednesday,62,76.0,La Trobe St (North),-37.80996494,144.96216521,"(-37.80996494, 144.96216521)"
Friday,63,199.0,231 Bourke St,-37.81333081,144.96675572,"(-37.81333081, 144.96675572)"
Monday,63,168.0,231 Bourke St,-37.81333081,144.96675572,"(-37.81333081, 144.96675572)"
Saturday,63,189.0,231 Bourke St,-37.81333081,144.96675572,"(-37.81333081, 144.96675572)"
Sunday,63,143.0,231 Bourke St,-37.81333081,144.96675572,"(-37.81333081, 144.96675572)"
Thursday,63,182.0,231 Bourke St,-37.81333081,144.96675572,"(-37.81333081, 144.96675572)"
Tuesday,63,167.0,231 Bourke St,-37.81333081,144.96675572,"(-37.81333081, 144.96675572)"
Wednesday,63,180.0,231 Bourke St,-37.81333081,144.96675572,"(-37.81333081, 144.96675572)"
Friday,64,107.0,Royal Pde - Grattan St,-37.79949544,144.95792282,"(-37.79949544, 144.95792282)"
Monday,64,106.0,Royal Pde - Grattan St,-37.79949544,144.95792282,"(-37.79949544, 144.95792282)"
Saturday,64,38.0,Royal Pde - Grattan St,-37.79949544,144.95792282,"(-37.79949544, 144.95792282)"
Sunday,64,36.0,Royal Pde - Grattan St,-37.79949544,144.95792282,"(-37.79949544, 144.95792282)"
Thursday,64,109.0,Royal Pde - Grattan St,-37.79949544,144.95792282,"(-37.79949544, 144.95792282)"
Tuesday,64,119.0,Royal Pde - Grattan St,-37.79949544,144.95792282,"(-37.79949544, 144.95792282)"
Wednesday,64,113.0,Royal Pde - Grattan St,-37.79949544,144.95792282,"(-37.79949544, 144.95792282)"
Friday,65,160.0,Swanston St - City Square,-37.81569416,144.96680641,"(-37.81569416, 144.96680641)"
Monday,65,124.0,Swanston St - City Square,-37.81569416,144.96680641,"(-37.81569416, 144.96680641)"
Saturday,65,171.0,Swanston St - City Square,-37.81569416,144.96680641,"(-37.81569416, 144.96680641)"
Sunday,65,124.0,Swanston St - City Square,-37.81569416,144.96680641,"(-37.81569416, 144.96680641)"
Thursday,65,135.0,Swanston St - City Square,-37.81569416,144.96680641,"(-37.81569416, 144.96680641)"
Tuesday,65,129.0,Swanston St - City Square,-37.81569416,144.96680641,"(-37.81569416, 144.96680641)"
Wednesday,65,138.0,Swanston St - City Square,-37.81569416,144.96680641,"(-37.81569416, 144.96680641)"
Friday,66,293.0,State Library - New,-37.81057845,144.96444294,"(-37.81057845, 144.96444294)"
Monday,66,251.0,State Library - New,-37.81057845,144.96444294,"(-37.81057845, 144.96444294)"
Saturday,66,343.0,State Library - New,-37.81057845,144.96444294,"(-37.81057845, 144.96444294)"
Sunday,66,283.0,State Library - New,-37.81057845,144.96444294,"(-37.81057845, 144.96444294)"
Thursday,66,265.0,State Library - New,-37.81057845,144.96444294,"(-37.81057845, 144.96444294)"
Tuesday,66,252.0,State Library - New,-37.81057845,144.96444294,"(-37.81057845, 144.96444294)"
Wednesday,66,272.0,State Library - New,-37.81057845,144.96444294,"(-37.81057845, 144.96444294)"
Friday,67,162.0,Flinders Ln -Degraves St (South),-37.81688755,144.9656257,"(-37.81688755, 144.9656257)"
Monday,67,145.0,Flinders Ln -Degraves St (South),-37.81688755,144.9656257,"(-37.81688755, 144.9656257)"
Saturday,67,166.0,Flinders Ln -Degraves St (South),-37.81688755,144.9656257,"(-37.81688755, 144.9656257)"
Sunday,67,121.0,Flinders Ln -Degraves St (South),-37.81688755,144.9656257,"(-37.81688755, 144.9656257)"
Thursday,67,153.0,Flinders Ln -Degraves St (South),-37.81688755,144.9656257,"(-37.81688755, 144.9656257)"
Tuesday,67,147.0,Flinders Ln -Degraves St (South),-37.81688755,144.9656257,"(-37.81688755, 144.9656257)"
Wednesday,67,162.0,Flinders Ln -Degraves St (South),-37.81688755,144.9656257,"(-37.81688755, 144.9656257)"
Friday,68,77.0,Flinders Ln -Degraves St (North),-37.81684789,144.96559789,"(-37.81684789, 144.96559789)"
Monday,68,76.0,Flinders Ln -Degraves St (North),-37.81684789,144.96559789,"(-37.81684789, 144.96559789)"
Saturday,68,85.0,Flinders Ln -Degraves St (North),-37.81684789,144.96559789,"(-37.81684789, 144.96559789)"
Sunday,68,64.0,Flinders Ln -Degraves St (North),-37.81684789,144.96559789,"(-37.81684789, 144.96559789)"
Thursday,68,83.0,Flinders Ln -Degraves St (North),-37.81684789,144.96559789,"(-37.81684789, 144.96559789)"
Tuesday,68,76.0,Flinders Ln -Degraves St (North),-37.81684789,144.96559789,"(-37.81684789, 144.96559789)"
Wednesday,68,81.0,Flinders Ln -Degraves St (North),-37.81684789,144.96559789,"(-37.81684789, 144.96559789)"
Friday,69,84.0,Flinders Ln -Degraves St (Crossing),-37.81687225,144.96559145,"(-37.81687225, 144.96559145)"
Monday,69,79.0,Flinders Ln -Degraves St (Crossing),-37.81687225,144.96559145,"(-37.81687225, 144.96559145)"
Saturday,69,93.0,Flinders Ln -Degraves St (Crossing),-37.81687225,144.96559145,"(-37.81687225, 144.96559145)"
Sunday,69,70.0,Flinders Ln -Degraves St (Crossing),-37.81687225,144.96559145,"(-37.81687225, 144.96559145)"
Thursday,69,79.0,Flinders Ln -Degraves St (Crossing),-37.81687225,144.96559145,"(-37.81687225, 144.96559145)"
Tuesday,69,76.0,Flinders Ln -Degraves St (Crossing),-37.81687225,144.96559145,"(-37.81687225, 144.96559145)"
Wednesday,69,85.0,Flinders Ln -Degraves St (Crossing),-37.81687225,144.96559145,"(-37.81687225, 144.96559145)"
Friday,70,132.0,Errol Street (East),-37.80456984,144.94946229,"(-37.80456984, 144.94946229)"
Monday,70,116.0,Errol Street (East),-37.80456984,144.94946229,"(-37.80456984, 144.94946229)"
Saturday,70,117.0,Errol Street (East),-37.80456984,144.94946229,"(-37.80456984, 144.94946229)"
Sunday,70,90.0,Errol Street (East),-37.80456984,144.94946229,"(-37.80456984, 144.94946229)"
Thursday,70,124.0,Errol Street (East),-37.80456984,144.94946229,"(-37.80456984, 144.94946229)"
Tuesday,70,118.0,Errol Street (East),-37.80456984,144.94946229,"(-37.80456984, 144.94946229)"
Wednesday,70,128.0,Errol Street (East),-37.80456984,144.94946229,"(-37.80456984, 144.94946229)"
Friday,71,30.0,Westwood Place,-37.81235775,144.97136962,"(-37.81235775, 144.97136962)"
Monday,71,23.0,Westwood Place,-37.81235775,144.97136962,"(-37.81235775, 144.97136962)"
Saturday,71,18.0,Westwood Place,-37.81235775,144.97136962,"(-37.81235775, 144.97136962)"
Sunday,71,16.0,Westwood Place,-37.81235775,144.97136962,"(-37.81235775, 144.97136962)"
Thursday,71,25.0,Westwood Place,-37.81235775,144.97136962,"(-37.81235775, 144.97136962)"
Tuesday,71,23.0,Westwood Place,-37.81235775,144.97136962,"(-37.81235775, 144.97136962)"
Wednesday,71,29.0,Westwood Place,-37.81235775,144.97136962,"(-37.81235775, 144.97136962)"
Friday,73,98.0,Bourke St - Spencer St (South),-37.81695684,144.95415373,"(-37.81695684, 144.95415373)"
Monday,73,67.0,Bourke St - Spencer St (South),-37.81695684,144.95415373,"(-37.81695684, 144.95415373)"
Saturday,73,79.0,Bourke St - Spencer St (South),-37.81695684,144.95415373,"(-37.81695684, 144.95415373)"
Sunday,73,70.0,Bourke St - Spencer St (South),-37.81695684,144.95415373,"(-37.81695684, 144.95415373)"
Thursday,73,78.0,Bourke St - Spencer St (South),-37.81695684,144.95415373,"(-37.81695684, 144.95415373)"
Tuesday,73,79.0,Bourke St - Spencer St (South),-37.81695684,144.95415373,"(-37.81695684, 144.95415373)"
Wednesday,73,81.0,Bourke St - Spencer St (South),-37.81695684,144.95415373,"(-37.81695684, 144.95415373)"
